S. No.,Code,Name ,Type
1,1,"University Departments of Anna University, Chennai - CEG Campus,Sardar Patel Road, Guindy, Chennai 600 025",UNIVERSITY
2,2,"University Departments of Anna University, Chennai - ACT Campus,Sardar Patel Road, Guindy, Chennai 600 025",UNIVERSITY
3,3,"University Departments of Anna University, Chennai - SAP Campus,Sardar Patel Road, Guindy, Chennai 600 025",UNIVERSITY
4,4,"University Departments of Anna University, Chennai - MIT Campus,Chrompet, Tambaram Taluk, Chengalpattu District 600 044",UNIVERSITY
5,5,"Annamalai University Faculty of Engineering andTechnology,Annamalai nagar,Cuddalore",UNIVERSITY
6,1516,"Thanthai Periyar Government Institute of Technology, Bagayam,Vellore District 632002",GOVERNMENT COLLEGES
7,2005,"Government College of Technology (Autonomous), Thadagam Road,Coimbatore District 641013",GOVERNMENT COLLEGES
8,2369,"Government College of Engineering, Chettikkarai Post, DharmapuriDistrict 635704",GOVERNMENT COLLEGES
9,2603,"Government College of Engineering (Autonomous), Bargur,Krishnagiri District 635104",GOVERNMENT COLLEGES
10,2615,"Government College of Engineering (Autonomous), Salem District636011",GOVERNMENT COLLEGES
11,2709,"Institute of Road and Transport Technology, Vasavi College Post,Erode District 638316",GOVERNMENT COLLEGES
12,3464,"Government College of Engineering, Gandarvakottai Road,Sengipatti, Thanjavur District 613402",GOVERNMENT COLLEGES
13,3465,"Government College of Engineering, Srirangam, Sethurappatti,Tiruchirappalli District 620012",GOVERNMENT COLLEGES
14,4974,"Government College of Engineering, Tirunelveli District 627007",GOVERNMENT COLLEGES
15,5009,"Government College of Engineering, Melachokkanathapuram,Bodinayakkanur, Theni District 625582",GOVERNMENT COLLEGES
17,2006,"PSG College of Technology (Autonomous), Peelamedu, CoimbatoreDistrict 641004",GOVERNMENT AIDED COLLEGES
18,2007,"Coimbatore Institute of Technology (Autonomous), Civil AerodromePost, Coimbatore District 641014",GOVERNMENT AIDED COLLEGES
19,5008,"Thiagarajar College of Engineering(Autonomous),Tirupparankundram, Madurai District 625015",GOVERNMENT AIDED COLLEGES
20,1321,"Central Institute of Plastics Engineering and Technology (CIPET),",GOVERNMENT AIDED COLLEGES
21,2343,"Indian Institute of Handloom Technology, Foulke's Compound,",GOVERNMENT AIDED COLLEGES
22,5012,"Central Electrochemical Research Institute CECRI), Karaikudi,",GOVERNMENT AIDED COLLEGES
23,1013,"University College of Engineering, Villupuram, Kakuppam,",CONSTITUENT COLLEGES
24,1014,"University College of Engineering, Tindivanam, Melpakkam,",CONSTITUENT COLLEGES
25,1015,"University College of Engineering, Arni, Arni to Devikapuram Road,",CONSTITUENT COLLEGES
26,1026,"University College of Engineering, Kancheepuram, Ponnerikarai",CONSTITUENT COLLEGES
27,2025,"Anna University Regional Campus - Coimbatore, Maruthamalai Main",CONSTITUENT COLLEGES
28,3011,"University College of Engineering, Tiruchirappalli, (Bharathidasan",CONSTITUENT COLLEGES
29,3016,"University College of Engineering, Ariyalur, Kathankudikadu Village,",CONSTITUENT COLLEGES
30,3018,"University College of Engineering, Thirukkuvalai, Nagappattinam",CONSTITUENT COLLEGES
31,3019,"University College of Engineering, Panruti, Chennai-Kumbakonam",CONSTITUENT COLLEGES
32,3021,"University College of Engineering, Pattukkottai, ECR Road,",CONSTITUENT COLLEGES
33,4020,"Anna University Regional Campus - Tirunelveli, Trivandrum Road,",CONSTITUENT COLLEGES
34,4023,"University College of Engineering, Nagercoil, Nagercoil Industrial",CONSTITUENT COLLEGES
35,4024,"University V.O.C. College of Engineering, Thoothukudi, Near V.O.C.",CONSTITUENT COLLEGES
36,5010,"Anna University Regional Campus - Madurai, Kanyakumari National",CONSTITUENT COLLEGES
37,5017,"University College of Engineering, Ramanathapuram, Pullangudi,",CONSTITUENT COLLEGES
39,1101,"Aalim Muhammed Salegh College of Engineering, Muthapudupet,",PRIVATE COLLEGES
40,1106,"Jaya Engineering College, Thirunindravur, Chennai 602024",PRIVATE COLLEGES
41,1107,"Jaya Institute of Technology, Kanchipadi Post, Thiruvallur-Tiruttani",PRIVATE COLLEGES
42,1110,"Prathyusha Engineering college, Aranvoyalkuppam, Thiruvallur",PRIVATE COLLEGES
43,1112,"R M D Engineering College, Kavaraipettai, Gummidipoondi,",PRIVATE COLLEGES
44,1113,"R M K Engineering College (Autonomous), Kavaraipettai,",PRIVATE COLLEGES
46,1115,"Sri Ram Engineering College, Perumalpattu, Veppampattu (R S),",PRIVATE COLLEGES
47,1116,"Sri Venkateswara College of Engineering and Technology,",PRIVATE COLLEGES
48,1118,Vel Tech Multi Tech Dr. Rangarajan Dr. Sakunthala Engineering,PRIVATE COLLEGES
49,1120,"Velammal Engineering College (Autonomous), Ambattur-Redhills",PRIVATE COLLEGES
50,1122,Vel Tech High Tech Dr. Rangarajan Dr. Sakunthala Engineering,PRIVATE COLLEGES
51,1123,"Gojan School of Business and Technology, Alamathi, Chennai 600062",PRIVATE COLLEGES
52,1124,"Chennai-Tirupathi Road, Uthukkottai Taluk, Thiruvallur District",PRIVATE COLLEGES
53,1125,"P M R Engineering College, Adayalampattu, Maduravoyal ,",PRIVATE COLLEGES
54,1126,"J N N Institute of Engineering, Ushaa Garden, Kannigaipair Village,",PRIVATE COLLEGES
55,1127,"St. Peters College of Engineering and Technology, College Road,",PRIVATE COLLEGES
56,1128,"R M K College of Engineering and Technology, Puduvoyal,",PRIVATE COLLEGES
57,1129,"Jaya School of Architecture, Poonamallee Bypass,",PRIVATE COLLEGES
58,1130,"MARG Instiute of Design & Architecture Swarnabhoomi (MIDAS),",PRIVATE COLLEGES
59,1132,"Rajalakshmi School of Architecture, Thandalam, Sriperumpudur Taluk,",PRIVATE COLLEGES
60,1133,"Annai Veilankannis College of Engineering, Gandhi Road,",PRIVATE COLLEGES
61,1134,"Surya School of Architecture, GST Road, Vikravandi Village,Villupuram District 605652",PRIVATE COLLEGES
62,1135,"Aalim Muhammed Salegh Academy of Architecture, Muthapudupet,Avadi IAF, Chennai 600055",PRIVATE COLLEGES
63,1137,"Annai Mira College of Engineering and Technology, Arcot Road,Arappakkam Village, Walaja Taulk, Ranipet District 632 517",PRIVATE COLLEGES
64,1138,"Davinci School of Design and Architecture, Karapakkam,Chennai 600097",PRIVATE COLLEGES
65,1140,"Jeppiaar Institute of Technology,kunnam Village,SriperumpudurTaulk,Kancheepuram District 631604",PRIVATE COLLEGES
66,1144,"R V S Padmavathy School of Architecture, Senthil Pakkam Village,Roshanagaram Post, Madarapakkam Via, Gummidipoondi Taluk,Thiruvallur District 601202",PRIVATE COLLEGES
67,1145,"Anand School of Architecture, Old Mahalibalipuram Road (OMR),Kazhipattur, Kancheepuram District 603103",PRIVATE COLLEGES
68,1146,"Misrimal Navajee Munoth Jain School of Architecture, RajivGandhi Salai (OMR), Thoraipakkam, Chennai 600096",PRIVATE COLLEGES
69,1147,"MMES ACADEMY OF ARCHITECTURE, VELLORE",PRIVATE COLLEGES
70,1149,"St. Joseph’s Institute of Technology, Jeppiaar Nagar, OldMahabalipuram Road (OMR), Chennai 600119",PRIVATE COLLEGES
71,1150,"Sri Jayaram Institute of Engineering and Technology, 51 N, Elavur,58N, Natham, Gummidipoondi Taluk, Thiruvallur District 601201",PRIVATE COLLEGES
72,1152,"CAAD - Chennai Academy of Architecture and Design, No.24,Thumbakkam, ChennaiThirupathi Highway, Near PeriyapalayamAmman Temple, Chennai 601102",PRIVATE COLLEGES
73,1153,"Jawahar School of Architecture Planning and Design, No.54, K KRoad, Saligramam, Chennai 600093",PRIVATE COLLEGES
74,1158,"International Maritime Academy, No.41, Jamin Korattur,Pudhuchatram, Chennai - 600 124",PRIVATE COLLEGES
75,1202,"D M I College of Engineering, Palanchoor, Nazrethpet, Chennai602103",PRIVATE COLLEGES
76,1205,"Lord Venkateshwara Engineering College, Walajabad Post,Kancheepuram District 631605",PRIVATE COLLEGES
77,1207,"Kings Engineering College, Sriperumpudur Taluk, KancheepuramDistrict 602105",PRIVATE COLLEGES
78,1209,"Pallavan College of Engineering, Thimmasamudram, KancheepuramDistrict 631502",PRIVATE COLLEGES
79,1210,"Panimalar Engineering College, Nazarethpet, Poonamallee, Chennai602103",PRIVATE COLLEGES
80,1211,"Rajalakshmi Engineering College (Autonomous), Thandalam,Sriperumpudur Taluk, Kancheepuram District 602105",PRIVATE COLLEGES
81,1212,"Rajiv Gandhi College of Engineering, Nemili, Sriperumpudur Taluk,Kancheepuram District 602105",PRIVATE COLLEGES
82,1216,"Saveetha Engineering College (Autonomous), Thandalam,Sriperumpudur Taluk, Kancheepuram District 602105",PRIVATE COLLEGES
83,1217,"Sree Sastha Institute of Engineering and Technology,Chembarambakkam, Chennai 600103",PRIVATE COLLEGES
84,1218,"Sri Muthukumaran Institute of Technology, Near Mangadu, Chennai600069",PRIVATE COLLEGES
85,1219,"Sri Venkateswara College of Engineering (Autonomous), Post BagNo.1, Chennai-Bengaluru High Road, Pennalur, Irungattukottai S.O.,Sriperumbudur Taluk, Kancheepuram District 602117",PRIVATE COLLEGES
86,1221,"Jaya College of Engineering and Technology, Parivakkam,Poonamallee, Chennai 600056",PRIVATE COLLEGES
87,1222,"P B College of Engineering, Irungkattukottai, Sriperumpudur Taluk,Kancheepuram District 602105",PRIVATE COLLEGES
88,1225,"Loyola Institute of Technology, Mevaloorkuppam, B Village,Palanchoor, Nazarethpet Post, Chennai 600123",PRIVATE COLLEGES
89,1226,"P T Lee Chengalvaraya Naicker College of Engineering andTechnology, Oovery, Veliyur Post, Kancheepuram District 631 502",PRIVATE COLLEGES
90,1228,"Alpha College of Engineering, Dr. Grace George Nagar, Udayavar KoilStreet, Thirumazhisai, Poonamalle, Chennai 602107",PRIVATE COLLEGES
91,1229,"Indira Institute of Engineering and Technology, VGR Gardens,Pandur, Thiruvallur District 631203",PRIVATE COLLEGES
92,1230,"Apollo Engineering College, Mevaloorkuppam, Valarpuram Post,Sriperumpudur, Kancheepuram District 602105",PRIVATE COLLEGES
93,1231,"Panimalar Institute of Technology, Nazarethpet, Poonamallee,Chennai 602103",PRIVATE COLLEGES
94,1233,"Adhi College of Engineering and Technology, Pazhayaseevaram,Madura Sankarapuram Village, Kancheepuram District 631605",PRIVATE COLLEGES
95,1235,"JEI Mathaajee College of Engineering, Vishaandikuppam,Karappettai(via), Siruvakkam, Kancheepuram District 631 552",PRIVATE COLLEGES
96,1237,"Velammal Institute of Technology, Chennai-Kolkatta Highway,Panchetti Village, Ponneri Taluk, Thiruvallur District 601204",PRIVATE COLLEGES
97,1238,"GRT Institute of Engineering and Technology, GRT MahalakshmiNagar, Chennai-Tirupathi Highway, Tiruttani Taluk, ThiruvallurDistrict 631209",PRIVATE COLLEGES
98,1241,"T J S Engineering College, Peruvoyal, Near Kavaraipettai,Gummidipoondi Taluk, Thiruvallur District 601206",PRIVATE COLLEGES
99,1243,"Madha Institute of Engineering and Technology, ErandamkattalaiVillage, Sadhananthapuram, Thandalam Post, Chennai 602101",PRIVATE COLLEGES
100,1301,"Mohamed Sathak A J College of Engineering, Old MahabalipuramRoad (OMR), Egattur, Chengalpattu District 603103",PRIVATE COLLEGES
101,1303,"Anand Institute of Higher Technology, Old Mahabalipuram Road(OMR), Kazhipattur, Chengalpattu District 603103",PRIVATE COLLEGES
102,1304,"Easwari Engineering College (Autonomous), Ramapuram, Chennai600089",PRIVATE COLLEGES
103,1306,"Jeppiar Engineering College, Old Mahabalipuram Road (OMR),Chennai 600119",PRIVATE COLLEGES
104,1307,"Jerusalem College of Engineering (Autonomous), Narayanapuram,Pallikaranai, Chennai 600 100",PRIVATE COLLEGES
105,1308,"Measi Academy of Architecture, Royapettah, Chennai 600014",PRIVATE COLLEGES
106,1309,"Meenakshi Sundararajan Engineering College, Kodambakkam,Chennai 600024",PRIVATE COLLEGES
107,1310,"Misrimal Navajee Munoth Jain Engineering College, Rajiv GandhiSalai (OMR), Thorappakkam, Chennai 600096",PRIVATE COLLEGES
108,1311,"K C G College of Technology, Karappakkam, Chennai 600096",PRIVATE COLLEGES
109,1313,"Shree Motilal Kanhaiyalal (SMK)Fomra Institute of Technology, OldMahabalipuram Road (OMR), Kelambakkam, Chengalpattu District603103",PRIVATE COLLEGES
110,1315,"Sri Sivasubramaniya Nadar College of Engineering (Autonomous),Kalavakkam, Old Mahabalipuram Road (OMR), Chengalpattu District603110",PRIVATE COLLEGES
111,1316,"Agni College of Technology, Old Mahabalipuram Road (OMR),Thalambur Village, Chengalpattu District 603103",PRIVATE COLLEGES
112,1317,"St. Joseph’s College of Engineering, Old Mahabalipuram Road(OMR), Chennai 600 119",PRIVATE COLLEGES
113,1318,"T.J INSTITUTE OF TECHNOLOGY, KARAPAKKAM CH-97",PRIVATE COLLEGES
114,1319,"Thangavelu Engineering College, Karappakkam, Chennai 600097",PRIVATE COLLEGES
115,1322,"Dhanalakshmi Srinivasan College of Engineering and Technology,East Coast Road, Poonjeri, Chennai 603104",PRIVATE COLLEGES
116,1324,"Sri Sai Ram Institute of Technology (Autonomous), West Tambaram,Chennai 600044",PRIVATE COLLEGES
117,1325,"St. Joseph College of Engineering, Trinity Campus, Nemili,Sriperumpudur Taluk, Kancheepuram District 602105",PRIVATE COLLEGES
118,1333,"Vi Institute of Technology, Sirunkundram Village & Post,Chengalpattu District 603108",PRIVATE COLLEGES
119,1335,"Sri Krishna Institute of Technology, Panapakkam, Padappai, Chennai601301",PRIVATE COLLEGES
120,1399,"Chennai Institute of Technology, Puduper Village, NandambakkamPost, Kundrathur, Chennai 600069",PRIVATE COLLEGES
121,1400,"Mohamed Sathak A J Academy of Architecture, OldMahabalipuram Road (OMR), Kancheepuram District 603103",PRIVATE COLLEGES
122,1401,"Adhiparasakthi Engineering College, Melmaruvathur, ChengalpattuDistrict 603319",PRIVATE COLLEGES
123,1402,"Annai Terasa College of Engineering, Thirunavalur, KallakkurichiDistrict 607204",PRIVATE COLLEGES
124,1405,"Dhanalakshmi College of Engineering, Manimangalam, Chennai601301",PRIVATE COLLEGES
125,1407,"G K M College of Engineering and Technology, Alappakkam-Mappedu Road, Chennai 600063",PRIVATE COLLEGES
126,1408,"I F E T College of Engineering (Autonomous), Gangarampalayam,Villupuram District 605108",PRIVATE COLLEGES
127,1409,"Karpagavinayaga College of Engineering and Technology, PalayanoorPost, Maduranthagam Taluk, Chengalpattu District 603308",PRIVATE COLLEGES
128,1411,"Madha Engineering College, Kundrathur, Chennai 600069",PRIVATE COLLEGES
129,1412,"Mailam Engineering College, Mailam, Villupuram District 604304",PRIVATE COLLEGES
130,1413,"Sri Venkateswaraa College of Technology, Sirukulathur, VadakkalVillage, Pondur Post, Sriperumbudur Taluk, Kancheepuram District602105",PRIVATE COLLEGES
131,1414,"Prince Shri Venkateshwara Padmavathy Enginering College,Ponmar, Chennai 600048",PRIVATE COLLEGES
132,1415,"T S M Jain College of Technology, Melur Village, Kallakurichi District606201",PRIVATE COLLEGES
133,1416,"Jaya Sakthi Engineering College, Thirunindravur, Chennai 602024",PRIVATE COLLEGES
134,1419,"Sri Sairam Enginering College (Autonomous), West Tambaram,Chennai 600044",PRIVATE COLLEGES
135,1420,"Tagore Engineering College, Rathnamangalam, Vandalur Post,Chennai 600048",PRIVATE COLLEGES
136,1421,"V R S College of Engineering and Technology, Arasur, VillupuramDistrict 607107",PRIVATE COLLEGES
137,1422,"SRM Valliammai Engineering College (Autonomous), Kattankulathur,Chennai 603203",PRIVATE COLLEGES
138,1423,"Asan Memorial College of Engineering andTechnology,Chengalpattu-603 001.",PRIVATE COLLEGES
139,1424,"Dhaanish Ahmed College of Engineering, Padappai, Chennai 601301",PRIVATE COLLEGES
140,1426,"Sri Ramanujar Engineering College, Vandalur, Kolappakkam, Chennai600048",PRIVATE COLLEGES
141,1427,"Sri Krishna Engineering College, Panappakkam, Padappai, Chennai601301",PRIVATE COLLEGES
142,1430,"Maha Bharathi Engineering College, A Vasudevanur, Chinnasalem,Kallakurichi District 606201",PRIVATE COLLEGES
143,1431,"New Prince Shri Bhavani College of Engineering and Technology,Vengaivasal Main Road, Gowriwakkam, Chennai 600073",PRIVATE COLLEGES
144,1432,"Rajalakshmi Institute of Technology, Irulapalayam, KuthampakkamPost, Kancheepuram District 602107",PRIVATE COLLEGES
145,1434,"Surya Group of Institutions, GST Road, Vikravandi Village, VillupuramDistrict 605652",PRIVATE COLLEGES
146,1435,"Jagannath Institute of Technology, Thandalam Village, Thiruporur,Kancheepuram District 603110",PRIVATE COLLEGES
147,1436,"A R Engineering College, Vadakuchipalayam, Kappiyampuliyur Post,Villupuram District 605601",PRIVATE COLLEGES
148,1437,"Rrase College of Engineering, Padappai, Chennai 601301",PRIVATE COLLEGES
149,1438,"Sree Krishna College of Engineering, Anaicut Post, Unnai Village,Vellore District 632101",PRIVATE COLLEGES
150,1441,"A K T Memorial College of Engineering and Technology,Neelamangalam Village, Kallakurichi District 606202",PRIVATE COLLEGES
151,1442,"Prince Dr. K Vasudevan College of Engineering and Technology,Medavakkam-Mambakkam Road, Ponmar, Chennai 600048",PRIVATE COLLEGES
152,1444,"Chendu College of Engineering & Technology, Zamin EndathurVillage, Madurantakam Taluk, Chengalpattu District 603331",PRIVATE COLLEGES
153,1445,"Sri Rangapoopathi College of Engineering, Alampoondi Village,Gingee, Villupuram District 604151",PRIVATE COLLEGES
154,1447,"Jawahar Engineering College, Kaveri Rangan Nagar, Saligramam,Chennai 600093",PRIVATE COLLEGES
155,1449,"Saraswathy College of Engineering and Technology, NH-45, MainRoad, Olakkur, Tindivanam Taluk, Villupuram District 604307",PRIVATE COLLEGES
156,1450,"Loyola-ICAM College of Engineering and Technology, Loyola CollegeCampus, Nungambakkam, Chennai 600034",PRIVATE COLLEGES
157,1452,"PERI Institute of Technology, Mannivakkam, West Tambaram,Chennai 600048",PRIVATE COLLEGES
158,1501,"Adhiparasakthi College of Engineering, Kalavai, Ranipet District632506",PRIVATE COLLEGES
159,1503,"Arulmigu Meenakshi Amman College of Engineering,Vadamavandal,Thiruvannamalai District 604410",PRIVATE COLLEGES
160,1504,"Arunai Engineering College, Mathur, Thiruvannamalai District606603",PRIVATE COLLEGES
161,1505,"C Abdul Hakeem College of Engineering and Technology,Melvisharam, Ranipet District 632509",PRIVATE COLLEGES
162,1507,"Ganadipathy Tulsi’s Jain Engineering College, Kaniyambadi, VelloreDistrict 632102",PRIVATE COLLEGES
163,1509,"Meenakshi College of Engineering, Vembuliamman Koil Street, K KNagar (West), Chennai 600078",PRIVATE COLLEGES
164,1510,"Priyadarshini Engineering College, Vaniyambadi Post, ThiruppatturDistrict 635751",PRIVATE COLLEGES
165,1511,"Ranippettai Engineering College, Thenkadappanthangal, RanipetDistrict 632513",PRIVATE COLLEGES
166,1512,"S K P Engineering College, Thiruvannamalai District 606611",PRIVATE COLLEGES
167,1513,"Sri Balaji Chockalingam Engineering College, Arni, ThiruvannamalaiDistrict 632317",PRIVATE COLLEGES
168,1517,"Thirumalai Engineering College, Kilambi, Kancheepuram District631551",PRIVATE COLLEGES
169,1518,"Thiruvalluvar College of Engineering and Technology, Vandavasi,Thiruvannamalai District 604505",PRIVATE COLLEGES
170,1519,"Bharathidasan Engineering College, Nattrampalli Post, ThiruppathurDistrict 635854",PRIVATE COLLEGES
171,1520,"Kingston Engineering College, Chithoor Main Road, ChristianpetVillage, Katpadi Taluk, Vellore District 632059",PRIVATE COLLEGES
172,1523,"Global Institute of Engineering and Technology, Bangalore-ChennaiHighway, Melvisharam, Walajah Taluk, Ranipet District 632506",PRIVATE COLLEGES
173,1524,"Annamalaiar College of Engineering, Modaiyur Village, Polur Taluk,Thiruvannamalai District 606902",PRIVATE COLLEGES
174,1525,"Podhigai College of Engineering and Technology, Vinayakapuram,Adiyur Post, Tirupattur District 635601",PRIVATE COLLEGES
175,1526,"Sri Krishna College of Engineering, Tiruttani High Road, Arakkonam,Ranipet District 631003",PRIVATE COLLEGES
176,1529,"Oxford College of Engineering, Venmani Village, Karaipoondi Post,Polur Taluk, Thiruvannamalai District 606803",PRIVATE COLLEGES
177,1530,"Papni School of Architecture, 302/1, Keeranallur Village,Sriperunbudur Taluk, Kancheepuram District, Chennai 602108",PRIVATE COLLEGES
178,1532,Madha school of Architecture,PRIVATE COLLEGES
179,1605,"Idhaya Engineering College for Women, Chinnasalem, KallakkurichiDistrict 606201",PRIVATE COLLEGES
180,2302,"Sri Shanmugha College of Engineering and Technology, Morur Bit IIVillage, Salem District 637302",PRIVATE COLLEGES
181,2314,"Muthayammal College of Engineering, Kakkaveri Post, NamakkalDistrict 637408",PRIVATE COLLEGES
182,2327,"N S N College of Engineering and Technology, Karur-Madurai NH7,Manalmedu, Karur District 639003",PRIVATE COLLEGES
183,2328,"K S R Institute for Engineering and Technology, Thokkavadi,Namakkal District 637215",PRIVATE COLLEGES
184,2329,"Rathinam Technical Campus, Pollachi Road, Eachanari, CoimbatoreDistrict 641021",PRIVATE COLLEGES
185,2332,"Aishwarya College of Engineering and Technology, ErrattaikaraduParuvachi Post, Anthiyur (Via), Bhavani Taluk, Erode District 638312",PRIVATE COLLEGES
186,2338,"Asian College of Engineering and Technology, Asian College Road,Kondayampalayam, Near Saravanampatti, Coimbatore District641110",PRIVATE COLLEGES
187,2341,"Ganesh College of Engineering, Attur Main Road, Mettupatti, SalemDistrict 636111",PRIVATE COLLEGES
188,2342,"Sri Ranganathar Institute of Engineering and Technology, Thudialur-Kovilpalay Road, Coimbatore District 641110",PRIVATE COLLEGES
189,2344,"Kongu School of Architecture, Kongu Engineering College Campus,Perundurai Railway Station Road, Thoppupalayam Post, Perundurai,Erode District 638052",PRIVATE COLLEGES
190,2345,"Dhirajlal Gandhi College of Technology, Sikkanampatty, (Opp. toAirport), Omalur Taluk, Salem District 636309",PRIVATE COLLEGES
191,2346,"Shree Sathyam College of Engineering and Technology, NH-47,Manjakkalpatti, Kuppanur Post, Sankari Taluk, Salem District 637301",PRIVATE COLLEGES
192,2347,"AVS College of Technology, Attur Main Road, Near AVS College ofArts & Science, Chinnagoundapuram, Salem District 636106",PRIVATE COLLEGES
193,2348,"San Academy of Architecture, ACC Pirivu, Navakarai Post,Mavuthampathy Village, Walayar, Coimbatore District 641105",PRIVATE COLLEGES
194,2349,"Dhaanish Ahmed Institute of Technology, Pichanur Post, (Near K GChavadi), Coimbatore District 641105",PRIVATE COLLEGES
195,2350,"Jairupaa College of Engineering, Thottiapalayam, Kathankanni Post,Kangayam, Tiruppur District 641 604",PRIVATE COLLEGES
196,2354,"Pollachi Institute of Engineering and Technology, Main Road,Poosaripatti, Pollachi Taluk, Coimbatore District 642205",PRIVATE COLLEGES
197,2355,"Cheran College of Engineering, Karur-Coimbatore Main Road, NH-67,K.Paramathi Post, Aravakurichi Taluk, Karur District 639111",PRIVATE COLLEGES
198,2356,"Arulmurugan College of Engineering, Karvazhi Road, Thennilai Post,Karur District 639206",PRIVATE COLLEGES
199,2357,"V S B College of Engineering Technical Campus, Ealur Pirivu,Solavampalayam Post, Coimbatore District 642109",PRIVATE COLLEGES
200,2360,"Suguna College of Engineering, Kalappatti Road, Civil AerodromePost, Coimbatore District 641014",PRIVATE COLLEGES
201,2361,"Sasi Creative School of Archiecture, Pollachi Main Road,Myleripalayam, Coimbatore District 641032",PRIVATE COLLEGES
202,2364,"School Of Architecture Coimbatore Institute Of Engineering AndTechnology, Vellimalai Pattinam, Narasipuram Post,ThondamuthurVia,Coimbatore District 641109",PRIVATE COLLEGES
203,2365,"Nehru School of Architecture, 451-D, Palakkad Main Road,Kuniamuthur, Coimbatore District 641108",PRIVATE COLLEGES
204,2367,"Arjun College of Technology, Chettiyakkapalayam, Kinathukadavu,Coimbatore District 642120",PRIVATE COLLEGES
205,2372,"Park Institute of Architecture, Avinashi Road, NH-47, Kaniyur,Coimbatore District 641659",PRIVATE COLLEGES
206,2373,"Hindusthan School of Architecture, Othakkalmandabam Post,Coimbatore District 641032",PRIVATE COLLEGES
207,2376,"Rathinam School of Architecture, Rathinam Techzone CampusPollachi Road, Coimbatore District 641021",PRIVATE COLLEGES
208,2377,"PSG Institute of Technology and Applied Research, Avinashi Road,Neelambur, Coimbatore 641062",PRIVATE COLLEGES
209,2601,"Adhiyamaan College of Engineering (Autonomous), Hosur,Krishnagiri District 635109",PRIVATE COLLEGES
210,2602,"Annai Mathammal Sheela Enginereing College, Erumapatty Post,Namakkal District 637013",PRIVATE COLLEGES
211,2606,"Jayam College of Engineering and Technology, Nallanur Post,Dharmapuri District 636813",PRIVATE COLLEGES
212,2607,"K S Rangasamy College of Technology (Autonomous), Tiruchengode,Namakkal District 637215",PRIVATE COLLEGES
213,2608,"M Kumarasamy College of Engineering (Autonomous),Thalavapalayam, Karur District 639113",PRIVATE COLLEGES
214,2609,"Mahendra Engineering College (Autonomous), Mahendhirapuri,Mallasamudram, Namakkal District 637503",PRIVATE COLLEGES
215,2610,"Muthayammal Engineering College (Autonomous), Rasipuram,Namakkal District 637408",PRIVATE COLLEGES
216,2611,"Paavai Engineering College (Autonomous) , NH-7, Pachal Post,Namakkal District 637018",PRIVATE COLLEGES
217,2612,"P G P College of Engineering and Technology, Paramathi Post,Namakkal District 637207",PRIVATE COLLEGES
218,2613,"K S R College of Engineering (Autonomous), Tiruchengode, NamakkalDistrict 637215",PRIVATE COLLEGES
219,2614,"S S M College of Engineering, Komarapalayam, Namakkal District638183",PRIVATE COLLEGES
220,2617,"Sengunthar Engineering College (Autonomous), Tiruchengode,Namakkal District 637205",PRIVATE COLLEGES
221,2618,"Sona College of Technology (Autonomous), Suramangalam Post,Salem District 636005",PRIVATE COLLEGES
222,2620,"Vivekanandha College of Engineering for Women (Autonomous),Sathinaickenpalayam, Elayampalayam Village, Kumaramangalam,Namakkal District 637205",PRIVATE COLLEGES
223,2621,"Er. Perumal Manimekalai College of Engineering, Near Koneripalli,Hosur, Krishnagiri District 635117",PRIVATE COLLEGES
224,2622,"V S B Engineering College, Kovai Road, Karur District 639111",PRIVATE COLLEGES
225,2623,"Mahendra College of Engineering, Attur Road, Minnampalli,Valapady, Salem District 636106",PRIVATE COLLEGES
226,2624,"Gnanamani College of Technology, Pachal Post, Namakkal District637018",PRIVATE COLLEGES
227,2625,"The Kavery Engineering College, M Kalipatti Post, Mecheri, SalemDistrict 634456",PRIVATE COLLEGES
228,2627,"Selvam College of Technology, Pappanaickenpatti Post, NamakkalDistrict 637003",PRIVATE COLLEGES
229,2628,"Paavai College of Engineering, NH-7, Pachal Post, Namakkal District637018",PRIVATE COLLEGES
230,2629,"Sengunthar College of Engineering, Tiruchengode, Namakkal District637205",PRIVATE COLLEGES
231,2630,"Chettinad College of Engineering and Technology, NH-67, TrichyMain Road, Puliyur C F, Karur District 639114",PRIVATE COLLEGES
232,2632,"Mahendra Institute of Technology (Autonomous), Mahendhirapuri,Mallasamudram, Namakkal District 637503",PRIVATE COLLEGES
233,2633,"Vidhya Vikkas College of Engineering and Technology,Varahoorampatti, Tiruchengode, Namakkal District 637 214",PRIVATE COLLEGES
234,2634,"Excel Engineering College (Autonomous), Pallakkapalayam, SankariWest Post, Namakkal District 637303",PRIVATE COLLEGES
235,2635,"C M S College of Engineering, Emapuram Post, Namakkal District637003",PRIVATE COLLEGES
236,2636,"A V S Engineering College, Military Road, Ammapet, Salem District636003",PRIVATE COLLEGES
237,2638,"Mahendra Engineering College for Women, Kumaramangalam,Namakkal District 637205",PRIVATE COLLEGES
238,2639,"Narasus Sarathy Institute of Technology, Poosaripatty Village,Omalur Taluk, Salem District 636305",PRIVATE COLLEGES
239,2640,"Jayalakshmi Institute of Technology, Thoppur, Dharmapuri District635352",PRIVATE COLLEGES
240,2641,"Varuvan Vadivelan Institute of Technology, Nallanahalli, DharmapuriDistrict 636701",PRIVATE COLLEGES
241,2642,"P S V College of Engineeering and Technology, Mittapalli,Balinayanapalli Post, Elathagiri, Krishnagiri District 635108",PRIVATE COLLEGES
242,2643,"Bharathiyar Institute of Engineering for Women, Deviayakurichi,Attur Taluk, Salem District 636112",PRIVATE COLLEGES
243,2646,"Tagore Institute of Engineering and Technology, Deviyakurichi, AtturTaluk, Salem District 636112",PRIVATE COLLEGES
244,2647,"J K K Nataraja College of Engineering and Technology,Komarapalayam Amani, Thattankuttai Panchayat, Namakkal District638183",PRIVATE COLLEGES
245,2648,"Annapoorana Engineering College, Sankari Main Road, NH-47,Periaseeragapadi, Salem District 636308",PRIVATE COLLEGES
246,2650,"Christ the King Engineering College, Cecilia Gardens,Chikkarampalayam Village, Coimbatore District 641104",PRIVATE COLLEGES
247,2651,"Jai Shriram Engineering College, Dharapuram Road, AvinashiPalayam, Tiruppur District 638660",PRIVATE COLLEGES
248,2652,"Al-Ameen Engineering College (Autonomous), Karundevan Palayam,Nanjai Uthukuli Post, Erode District 638104",PRIVATE COLLEGES
249,2653,"Knowledge Institute of Technology, KIOT Campus, KakapalayamPost, Salem District 637504",PRIVATE COLLEGES
250,2656,"Builders engineering college, Nathakadaiyur, Erode Road,Palayakottai Village, Kangeyam, Tiruppur District 638108",PRIVATE COLLEGES
251,2657,"Paavai College of Technology, NH-7, Pachal Post, Namakkal District637018",PRIVATE COLLEGES
252,2658,"V S A Group of Institutions, NH-47, Uthamasola Puram Post, SalemDistrict 636010",PRIVATE COLLEGES
253,2659,"Salem College of Engineering and Technology, Salem-Attur MainRoad, NH-68, Mettupatty Perumapalayam, Salem District 636111",PRIVATE COLLEGES
254,2661,"Vivekanandha College of Technology for Women,Sathinaickenpalayam, Elayampalayam Village, Kumaramangalam,Namakkal District 637205",PRIVATE COLLEGES
255,2662,"Dr. Nagarathinams College of Engineering, AnadhagoundamPalayam, Minakkal Post, Rasipuram, Namakkal District 637505",PRIVATE COLLEGES
256,2665,"Mahendra Institute of Engineering and Technology, Mahendrapuri,Mallasamudram, Namakkal District 637503",PRIVATE COLLEGES
257,2673,"Sree Sakthi Engineering College, Bettathapuram, Bilichi Village,Karamadai, Coimbatore District 641104",PRIVATE COLLEGES
258,2683,"Shreenivasa Engineering College, B Pallipatti, Bommidi,Pappireddipatti Taluk, Dharmapuri District 635301",PRIVATE COLLEGES
259,2702,"Bannari Amman Institute of Technology (Autonomous),Sathyamanagalam, Erode District 638401",PRIVATE COLLEGES
260,2704,"Coimbatore Institute of Engineering and Technolgoy (Autonomous),Narasipuram Post, Coimbatore District 641109",PRIVATE COLLEGES
261,2705,"C S I College of Engineering, Ketti, The Nilgiris 643215",PRIVATE COLLEGES
262,2706,"Dr. Mahalingam College of Engineering and Technology(Autonomous), Mackinaickenpatti Post, Pollachi Taluk, CoimbatoreDistrict 642003",PRIVATE COLLEGES
263,2707,"Erode Sengunthar Engineering College (Autonomous), ThudupathiPost, Erode District 638057",PRIVATE COLLEGES
264,2708,"Hindusthan College of Engineering and Technology (Autonomous),Othakkalmandapam Post, Coimbatore District 641032",PRIVATE COLLEGES
265,2710,"Karpagam College of Engineering (Autonomous),Othakkalmandapam, Coimbatore District 641032",PRIVATE COLLEGES
266,2711,"Kongu Engineering College (Autonomous), Perundurai, Erode District638052",PRIVATE COLLEGES
267,2712,"Kumaraguru College of Technology (Autonomous),Chinnavedampatti Post, Coimbatore District 641006",PRIVATE COLLEGES
268,2713,"M P Nachimuthu M Jagannathan Engineering College, Chennimalai,Erode District 638112",PRIVATE COLLEGES
269,2715,"Nandha Engineering College (Autonomous), PitchandampalayamPost, Erode District 638052",PRIVATE COLLEGES
270,2716,"Park College of Engineering and Technology, Kaniyur, CoimbatoreDistrict 641659",PRIVATE COLLEGES
271,2717,"Sasurie College of Engineering, Vijayamangalam, Tiruppur District638056",PRIVATE COLLEGES
272,2718,"Sri Krishna College of Enginering and Technology (Autonomous) ,Kuniamuthur, Coimbatore District 641008",PRIVATE COLLEGES
273,2719,"Sri Ramakrishna Engineering College (Autonomous),Vattamalaipalayam, Coimbatore District 641022",PRIVATE COLLEGES
274,2721,"Tamilnadu College of Engineering, Karumathampatti Post,Coimbatore District 641659",PRIVATE COLLEGES
275,2722,"Sri Krishna College of Technology (Autonomous) , Kovaipudur Post,Coimbatore District 641042",PRIVATE COLLEGES
276,2723,"Velalar College of Engineering and Technology (Autonomous),Thindal Post, Erode District 638009",PRIVATE COLLEGES
277,2725,"Sri Ramakrishna Institute of Technology (Autonomous),Pachapalayam, Coimbatore District 641010",PRIVATE COLLEGES
278,2726,"S N S College of Technology (Autonomous), Kalappatti Post,Coimbatore District 641035",PRIVATE COLLEGES
279,2727,"Sri Shakthi Institute of Engineering and Technology (Autonomous),L&T Bye-Pass, Venkitapuram Post, Comibatore District 641062",PRIVATE COLLEGES
280,2728,"Tamilnadu School of Architecture, Karumathampatti Post,Coimbatore District 641659",PRIVATE COLLEGES
281,2729,"Nehru Institute of Engineering and Technology,Thirumalayampalayam Post, Coimbatore District 641105",PRIVATE COLLEGES
282,2731,"R V S College of Engineering and Technology, Kannampalayam,Sulur, Coimbatore District 641402",PRIVATE COLLEGES
283,2732,"INFO Institute of Engineering, Sarkar Samakulam, CoimbatoreDistrict 641107",PRIVATE COLLEGES
284,2733,"Angel College of Engineering and Technology, P.K.Palayam,Ugayanur Village, Tirupur District 641 665",PRIVATE COLLEGES
285,2734,"S N S College of Engineering (Autonomous), Sathy Main Road,Kurumbapalayam Post, Coimbatore District 641107",PRIVATE COLLEGES
286,2735,"Karpagam Institute of Technology, Seerapalayam Village, L&T Bypass Road, Coimbatore District 641021",PRIVATE COLLEGES
287,2736,"Dr. N G P Institute of Technology, Kalapatti Road, CoimbatoreDistrict 641035",PRIVATE COLLEGES
288,2737,"Sri Sai Ranganathan Engineering College, ZahirnaickenpalayamVillage, Viraliyur Post, Thondamuthur Via, Coimbatore District641109",PRIVATE COLLEGES
289,2739,"Sri Eshwar College of Engineering (Autonomous), Kondampatti Post,Vadasithur (Via), Kinathukadavu, Coimbatore District 641202",PRIVATE COLLEGES
290,2740,"Hindustan Institute of Technology (Autonomous),Othakkalmandapam, Coimbatore District 641032",PRIVATE COLLEGES
291,2741,"P A College of Engineering and Technology (Autonomous), PalladamRoad, Pollachi, Coimbatore District 642002",PRIVATE COLLEGES
292,2743,"Dhanalakshmi Srinivasan College of Engineering, NH47, PalakkadMain Road, Navakkarai Post, Near Nandhi Temple, CoimbatoreDistrict 641105",PRIVATE COLLEGES
293,2744,"Adithya Institute of Technology, Kurumbapalayam Village,Coimbatore District 641107",PRIVATE COLLEGES
294,2745,"Kathir College of Engineering, Neelambur, Avinashi Road,Coimbatore District 641062",PRIVATE COLLEGES
295,2747,"Shree Venkateshwara Hi-Tech Engineering College, Othakuthirai, KMettupalayam Post, Gobichettipalayam, Erode District 638455",PRIVATE COLLEGES
296,2748,"Surya Engineering College, Mettukadai, Kathirampatti Post, ErodeDistrict 638107",PRIVATE COLLEGES
297,2749,"EASA College of Engineering and Technology, NH-47, Coimbatore-Palakkad Main Road, Navakarai Post, Coimbatore District 641105",PRIVATE COLLEGES
298,2750,"KIT-Kalaignar Karunanidhi Institute of Technology (Autonomous),Kannampalayam, Coimbatore District 641402",PRIVATE COLLEGES
299,2751,"KGISL Institute of Technology, KGISL Campus, Thudiyalur Road,Saravanampatti, Coimbatore District 641035",PRIVATE COLLEGES
300,2752,"Nandha College of Technology, Pitchandampalayam Post, ErodeDistrict 638052",PRIVATE COLLEGES
301,2753,"P P G Institute of Technology, Vilankurichi Village, CoimbatoreDistrict 641035",PRIVATE COLLEGES
302,2755,"Nehru Institute of Technology, Thirumalayampalayam Post,Coimbatore District 641105",PRIVATE COLLEGES
303,2758,"J K K Muniraja College of Technology, T N Palayam, Gobi Taluk,Erode District 638506",PRIVATE COLLEGES
304,2759,"McGans Ooty School Of Architecture, Summer House Road, Ooty,The Nilgiris 643001",PRIVATE COLLEGES
305,2761,"United Institute of Technology, Gadalore Village,Perianaickenpalayam, Coimbatore District 641020",PRIVATE COLLEGES
306,2762,"Jansons Institute of Technology, Karumathampatty, Somaur,Coimbatore District 641659",PRIVATE COLLEGES
307,2763,"Akshaya College of Engineering and Technology, Kinathukadavu,Coimbatore District 642109",PRIVATE COLLEGES
308,2764,"K P R Institute of Engineering and Technology (Autonomous),Kollupalayam Village, Arasur Panchayat, Coimbatore District 641407",PRIVATE COLLEGES
309,2767,"SRG Engineering College, Aniyapuram Post, Namakkal District637017",PRIVATE COLLEGES
310,2768,"Park College of Technology, Prema Ravi Nagar, Karumathampatty,Coimbatore District 641059",PRIVATE COLLEGES
311,2769,"J C T College of Engineering and Technology, Pichanur, CoimbatoreDistrict 641105",PRIVATE COLLEGES
312,2770,"Study World College of Engineering, Madukarai Post, Coimbatore -641 105.",PRIVATE COLLEGES
313,2772,"C M S College of Engineering and Technology,Appachigoundenpathy, Kumittipatti, Coimbatore District 641105",PRIVATE COLLEGES
314,2776,"R V S Technical Campus-Coimbatore, Kumaran Kottam Campus,Kannampalayam, Sulur, Coimbatore District 641 402",PRIVATE COLLEGES
315,2779,"Ranganathan Architecture College, Viraliyur Post, Thondamuthur Via,Coimbatore District 641109",PRIVATE COLLEGES
316,3410,"Krishnaswamy Collge of Engineering and Technology, SKumarapuram, Cuddalore District 607109",PRIVATE COLLEGES
317,3425,"C K College of Engineering and Technology, Chellangkuppam,Cuddalore District 607003",PRIVATE COLLEGES
318,3446,"Prime College of Architecture and Planning, Main Road, Kilvelur,Nagapattinam District 611104",PRIVATE COLLEGES
319,3451,"SMR East Coast College of Engineering & Technology, East CoastRoad, Somanathapattinam, Thanjavur District 614612",PRIVATE COLLEGES
320,3454,"Sri Ramakrishna College of Engineering, Sri Saradha Nagar, NH-45,Perambalur District 621113",PRIVATE COLLEGES
321,3456,"K S K College of Engineering and Technology, Thanjavur Main Road,Darasuram, Kumbakonam, Thanjavur District 612702",PRIVATE COLLEGES
322,3460,"Surya College of Engineering, Konalai, Tiruchirappalli District 621132",PRIVATE COLLEGES
323,3461,"Arifa Institute of Technology(Formerly Haji sheik Ismail EngineeringCollege), Esanoor, Keelaiyur Post, Thirukkuvalai Taluk, NagapattinamDistrict 611103",PRIVATE COLLEGES
324,3462,"Ariyalur Engineering College, NH-227, Trichy-Chithambaram NH,Karuppur-Senapathy Post, Ariyalur District 621707",PRIVATE COLLEGES
325,3466,"Nelliandavar Institute of Technology, Nerunjikorai Village,Pudhupalayam, Ariyalur Taluk, Ariyalur District 621704",PRIVATE COLLEGES
326,3467,"Prime Nest College of Architecture and Planning, V.J.P. Campus,Trichy-Chennai Highway, Navaladiyan Nagar, Siruganur,Tiruchirappalli District 621105",PRIVATE COLLEGES
327,3701,"K Ramakrishnan College of Technology, Kariyamanickam Road,Samayapuram, Manachanallur Taluk, Tiruchirappalli District 621112",PRIVATE COLLEGES
328,3760,"Sir Issac Newton College of Engineering and Technology,Anthanapeetai Post, Papakoil, Nagappattinam District 611102",PRIVATE COLLEGES
329,3766,"Star Lion College of Engineering & Technology, Manankorai MainRoad, Manankorai Village, Thanjavur District 614206",PRIVATE COLLEGES
330,3782,"OASYS Institute of Technology , Pulivalam Village, Musiri Taluk,Tiruchirappalli District 626001",PRIVATE COLLEGES
331,3783,"M.A.M. School of Architecture, Siruganur, Tiruchirappalli District621105",PRIVATE COLLEGES
332,3784,"C.A.R.E School of Architecture, Engineering, Thayanoor Village,Kuttappatti, Srirangam Taluk, Tiruchirappalli District 620009",PRIVATE COLLEGES
333,3786,"M.A.M. School of Engineering, Siruganur, Tiruchirappalli District621105",PRIVATE COLLEGES
334,3795,"SRM TRP Engineering College, Irungalur, Manachanallur Taluk,Tiruchirappalli District 621105",PRIVATE COLLEGES
335,3801,"A V C College of Engineering, Mannampandal Post, Mayiladuthurai,Nagappattinam District 609305",PRIVATE COLLEGES
336,3802,"Shri Angalamman College of Engineering and TechnologySiruganoor, Tiruchirappalli District 621105",PRIVATE COLLEGES
337,3803,"Anjalai Ammal-Mahalingam Engineering College, Kovilvenni,Thiruvarur District 614403",PRIVATE COLLEGES
338,3804,"Arasu Engineering College, Chennai Main Road, Kumbakonam,Thanjavur District 612501",PRIVATE COLLEGES
339,3805,"Dhanalakshmi Srinivasan Engineering College (Autonomous),Thuraiyur Road, Perambalur District 621212",PRIVATE COLLEGES
340,3806,"E G S Pillay Engineering College (Autonomous), NagapattinamDistrict 611002",PRIVATE COLLEGES
341,3807,"J J College of Engineering and Technology, Poolankulathupatti Post,Thiruchirappalli District 620009",PRIVATE COLLEGES
342,3808,"Jayaram College of Engineering and Technology , Pagalavadi Post,Tiruchirappalli District 621014",PRIVATE COLLEGES
343,3809,"Kurinji College of Engineering and Technology, Manapparai,Tiruchirappalli District 621307",PRIVATE COLLEGES
344,3810,"M.A.M. College of Engineering, Siruganur, Tiruchirappalli District621105",PRIVATE COLLEGES
345,3811,"M I E T Engineering College, Trichy-Pudukkottai Road, TiruchirappalliDistrict 620007",PRIVATE COLLEGES
346,3812,"Mookambigai College of Engineering, Keeranur, Pudukkottai District622502",PRIVATE COLLEGES
347,3813,"Oxford Engineering College, Pirattiyur(W), Tiruchirappalli District620009",PRIVATE COLLEGES
348,3814,"P R Engineering College, Vallam, Thanjavur District 613403",PRIVATE COLLEGES
349,3815,"Pavendhar Bharathidasan College of Engineering and Technology,Pudukkottai Main Road, Tiruchirappalli District 620024",PRIVATE COLLEGES
350,3817,"Roever Engineering College, Elambalur, Perambalur District 621212",PRIVATE COLLEGES
351,3819,"Saranathan College of Engineering, Panjappur, TiruchirappalliDistrict 620012",PRIVATE COLLEGES
352,3820,"Trichy Engineering College, Konalai, Tiruchirappalli District 621132",PRIVATE COLLEGES
353,3821,"A R J College of Engineering and Technology, Mannargudi Taluk,Thiruvarur District 614001",PRIVATE COLLEGES
354,3822,"Dr. Navalar Nedunchezhian College of Engineering, Tholudur,Cuddalore District 606303",PRIVATE COLLEGES
355,3825,"St. Josephs College of Engineering and Technology, Elupatti Village,Rawaspatti Post, Thanjavur District 613403",PRIVATE COLLEGES
356,3826,"Kongunadu College of Engineering and Technology (Autonomous),Tholurpatti, Thottiyam, Tiruchirappalli District 621215",PRIVATE COLLEGES
357,3829,"M.A.M. College of Engineering and Technology, Trichy-ChennaiTrunk Road, Siruganur, Tiruchirappalli District 621105",PRIVATE COLLEGES
358,3830,"K Ramakrishnan College of Engineering (Autonomous),Kariyamanickam Road, Samayapuram, Manachanallur Taluk,Tiruchirappalli District 621112",PRIVATE COLLEGES
359,3831,"Indra Ganesan College of Engineering, Madurai Main Road,Manikandam, Tiruchirappalli District 620012",PRIVATE COLLEGES
360,3833,"Parisutham Institute of Technology and Science, Ring Road,Nanjikottai, Thanjavur District 613006",PRIVATE COLLEGES
361,3841,"CARE College of Engineering, Thayanoor Village, Thayanoor Village,Kuttappatti, Srirangam Taluk, Tiruchirappalli District 620009",PRIVATE COLLEGES
362,3843,"M R K Institute of Technology, Nattarmangalam Village,Kattumannarkoil, Cuddalore District 608306",PRIVATE COLLEGES
363,3844,"Shivani Engineering College, Ammapettai, Srirangam, TiruchirappalliDistrict 620009",PRIVATE COLLEGES
364,3846,"Mother Terasa College of Engineering and Technology, MettusalaiPost and Taluk, Pudukkottai District 622102",PRIVATE COLLEGES
365,3848,"Vandayar Engineering College, Pulavarnatham Post, Mariamman Koil(Via), Thanjavur District 613001",PRIVATE COLLEGES
366,3849,"Annai College of Engineering and Technology, Kovilacheri,Kumbakonam, Thanjavur District 612503",PRIVATE COLLEGES
367,3850,"Vetri Vinayaha College of Engineering and Technology, Namakkal-Trichy Main Road, Tholurpatti Village, Thottiam, TiruchirappalliDistrict 621215",PRIVATE COLLEGES
368,3852,"Sri Bharathi Engineering College for Women, Kaikkuruchi Village,Alangudi Taluk, Pudukkottai District 622303",PRIVATE COLLEGES
369,3854,"Mahath Amma Institute of Engineering and Technology (MIET),Ariyur, Annavasal Road, Illupur Taluk, Pudukkottai District 622101",PRIVATE COLLEGES
370,3855,"As-Salam College of Engineering and Technology, Thirumangalakudi,Aduthurai, Thiruvidaimaruthur, Thanjavur District 612102",PRIVATE COLLEGES
371,3857,"Meenakshi Ramaswamy Engineering College, Trichy Main Road,Thathanur, Udayarpalayam, Ariyalur District 621804",PRIVATE COLLEGES
372,3859,"Sembodai Rukmani Varatharajan Engineering College, SembodaiVillage, Vedaraniam, Nagappattinam District 614820",PRIVATE COLLEGES
373,3860,"St. Annes College of Engineering and Technology,Anguchettypalayam, Siruvathur Post, Panruti, Cuddalore District607110",PRIVATE COLLEGES
374,3905,"Kings College of Engineering, Punalkulam, Pudukkottai District613303",PRIVATE COLLEGES
375,3908,"Mount Zion College of Engineering and Technology, Pilivalam Post,Pudukkottai District 622507",PRIVATE COLLEGES
376,3918,"Shanmuganathan Engineering College, Pillivalam Post, PudukkottaiDistrict 622507",PRIVATE COLLEGES
377,3920,"Sudharsan Engineering College, Sathiyamangalam Post, PudukkottaiDistrict 622501",PRIVATE COLLEGES
378,3926,"CHENDURAN COLLEGE OF ENGINEERING & TECHNOLOGY,THIRUMAYAM PUDUKOTTAI - 622507",PRIVATE COLLEGES
379,4669,"Thamirabharani Engineering College, Chathirampudukulam Village,Thatchanallur, Tirunelveli District 625358",PRIVATE COLLEGES
380,4670,"Rohini College of Engineering & Technology, Anjugramam-Kanyakumari Main Road, Palkulam, Variyoor Post, KanyakumariDistrict 629401",PRIVATE COLLEGES
381,4671,"Sigma College of Architecture, Moododu, Anducode Post,Marthandam, Kanyakumari District 629168",PRIVATE COLLEGES
382,4672,"Stella Marys College of Engineering, Arunthengan Vilai, Azhikal Post,Kanyakumari District 629202",PRIVATE COLLEGES
383,4675,"Universal College of Engineering and Technology, Anbagam Campus,Radhapuram Road, Vallioor, Tirunelveli District 627117",PRIVATE COLLEGES
384,4676,"Renganayagi Varatharaj College of Engineering, Salvarpatti, Sivakasi,Virudhunagar District 626128",PRIVATE COLLEGES
385,4677,"Lourdes Mount College of Engineering and Technology,Marthandam-Karungal Road, Chundavilai, Mullanganavilai, NattalamPost, Kanyakumari District 629195",PRIVATE COLLEGES
386,4678,"Ramco Institute of Technology, North venganallur Village,Krishnapuram Panchayat, Rajapalayam, Virudhunagar District626117",PRIVATE COLLEGES
387,4679,"V.P.M.M. College of Architecture for Women, V.P.M. Nagar,Krishnankoil, Srivilliputtur, Virudhunagar District 626190",PRIVATE COLLEGES
388,4680,"AAA College of Engineering and Technology, Kamarajar EducationalRoad, Amathur Village, Sivakasi, Virudhunagar District 626005",PRIVATE COLLEGES
389,4686,"GOOD SHEPHERD COLLEGE OF ENGINEERING AND TECHNOLOGY,MARUTHAMPARAI, KANYAKUMARI",PRIVATE COLLEGES
390,4864,"V V College of Engineering, Arasoor Village, Idaichivilai Post,Santhakulam Taluk, Thoothukudi District 628656",PRIVATE COLLEGES
391,4917,"Sethu Institute of Technology (Autonomous), Kariapatti Post,Virudhunagar District 626106",PRIVATE COLLEGES
392,4927,"Maria College of Engineering and Technology, Attoor PuliyamooduJunction, Thiruvattar Post, Kanyakumari District 629177",PRIVATE COLLEGES
393,4928,"MAR Ephraem College of Engineering & Technology, Malankara Hills,Elavuvillai, Marthandam, Kanyakumari District 629171",PRIVATE COLLEGES
394,4929,"M E T Engineering College, Mogals Garden, Thovalai Village,Aralvaimozhi Town Panchayat, Thovalai, Kanyakumari District629304",PRIVATE COLLEGES
395,4931,"Grace College of Engineering, Chandy Nagar, Mullakkadu,Thoothukudi District 628005",PRIVATE COLLEGES
396,4932,"Immanuel Arasar J J College of Engineering, Anappara, Edavilagam,Nattalam, Kanyakumari District 629195",PRIVATE COLLEGES
397,4933,"St. Mother Theresa Engineering College, Vagaikulam, ThoothukudiDistrict 628102",PRIVATE COLLEGES
398,4934,"Holy Cross Engineering College, Vagaikulam, Sri Mulakarai,Srivaikuntam, Thoothukudi District 628851",PRIVATE COLLEGES
399,4937,"A R College of Engineering and Technology, Kadayam-AlangulamRoad, Therikkumadathoor Post, Tenkasi District 627423",PRIVATE COLLEGES
400,4938,"Sivaji College of Engineering and Technology, Manivilla PalulaiPanchayat, Vilavancode, Kanyakumari District 629170",PRIVATE COLLEGES
401,4941,"Unnamalai Institute of Technology, Ayyaneri, Kovilpatti,Thoothukudi District 628502",PRIVATE COLLEGES
402,4943,"Satyam College of Engineering & Technology, Kannappannallur,Aralvaimozhi, Kanyakumari District 629301",PRIVATE COLLEGES
403,4944,"Arunachala College of Engineering for Women, Thanka Gardens,Manavilai, Vellichanthai, Nagercoil, Kanyakumari District 629203",PRIVATE COLLEGES
404,4945,"Vins Christian Womens College of Engineering, Chunkankadai Post,Nagercoil, Kanyakumari District 629807",PRIVATE COLLEGES
405,4946,"D M I Engineering College, Aralvaimozhi Village, Thovalai,Kanyakumari District 629301",PRIVATE COLLEGES
406,4948,"Rajas Institute of Technology , Ozhuginasery, Nagercoil,Kanyakumari District 629001",PRIVATE COLLEGES
407,4949,"P S N Institute of Technology & Science, Melathediyoor, TirunelveliDistrict 627152",PRIVATE COLLEGES
408,4952,"C S I Institute of Technology, Thovalai, Kanyakumari District 629302",PRIVATE COLLEGES
409,4953,"CAPE Institute of Technology, Levingipuram, Tirunelveli District627114",PRIVATE COLLEGES
410,4954,"Dr. Sivanthi Aditanar College of Engineering, Tiruchendur,Thoothukudi District 628215",PRIVATE COLLEGES
411,4955,"Francis Xavier Engineering College (Autonomous), Vannarpettai,Tirunelveli District 627003",PRIVATE COLLEGES
412,4956,"Jayamatha Engineering College, Aralvaimozhi, Kanyakumari District- 629301",PRIVATE COLLEGES
413,4957,"Jayaraj Annapackiam CSI College of Engineering, Nazareth,Thoothukudi District 628617",PRIVATE COLLEGES
414,4959,"Kamaraj College of Engineering and Technology (Autonomous),Virudhunagar District 626001",PRIVATE COLLEGES
415,4960,"Mepco Schlenk Engineering College (Autonomous), Sivakasi,Virudhunagar District 626005",PRIVATE COLLEGES
416,4961,"Nellai College of Engineering, Maruthakulam Post, TirunelveliDistrict 627151",PRIVATE COLLEGES
417,4962,"National Engineering College (Autonomous), Kovilpatti,Thoothukudi District 628503",PRIVATE COLLEGES
418,4964,"P S N College of Engineering and Technology (Autonomous),Melathediyoor, Tirunelveli Dstrict 627152",PRIVATE COLLEGES
419,4965,"P S R Engineering College (Autonomous), Appayanaickenpatti,Sevalpatti, Virudhunagar District 626140",PRIVATE COLLEGES
420,4966,"PET Engineering College, Vallioor Post, Tirunelveli District 627117",PRIVATE COLLEGES
421,4967,"S Veerasamy Chettiar College of Engineering and Technology,Puliangudi Post, Tenkasi District 627855",PRIVATE COLLEGES
422,4968,"Sardar Raja College of Engineering, Alangulam, Tenkasi District627808",PRIVATE COLLEGES
423,4969,"SCAD College of Engineering and Technology, Cheranmahadevi,Tirunelveli District 627414",PRIVATE COLLEGES
424,4970,"Sree Sowdambiga College of Engineering, Aruppukkottai Taluk,Virudhunagar District 626134",PRIVATE COLLEGES
425,4971,"St. Xavier Catholic College of Engineering, Chunkankadai, Nagercoil,Kanyakumari District 629807",PRIVATE COLLEGES
426,4972,"AMRITA College of Engineering and Technology, Erachakulam Post,Kanyakumari District 629902",PRIVATE COLLEGES
427,4975,"Dr. G U Pope College of Engineering, Sawyerpuram, ThoothukudiDistrict 628251",PRIVATE COLLEGES
428,4976,"Infant Jesus College of Engineering, Thoothukudi Highway (NH7/A),Thoothukudi District 628851",PRIVATE COLLEGES
429,4977,"Narayanaguru College of Engineering, Manjalumoodu, KanyakumariDistrict 629151",PRIVATE COLLEGES
430,4978,"Udaya School of Engineering, Ammandivilai Post, KanyakumariDistrict 629204",PRIVATE COLLEGES
431,4979,"V P Muthaiah Pillai Meenakshi Ammal Engineering College forWomen, Srivilliputhur Taluk, Virudhunagar District 626190",PRIVATE COLLEGES
432,4980,"Einstein College of Engineering, Seethaparpanallur, TirunelveliDistrict 627012",PRIVATE COLLEGES
433,4981,"Ponjesly College of Engineering, Vettornimadam Post, Nagercoil,Kanyakumari District 629003",PRIVATE COLLEGES
434,4982,"Vins Christian College of Engineering, Chunkankadai Post, Nagercoil,Kanyakumari District 629807",PRIVATE COLLEGES
435,4983,"Lord Jegannath College of Engineering and Technology,Kumarapuram, Thoppur Post, Kanyakumari District 629402",PRIVATE COLLEGES
436,4984,"Marthandam College of Engineering & Technology, Kuttakuzhi,Veeyanoor Post, Kanyakumari District 629177",PRIVATE COLLEGES
437,4989,"P S N Engineering College, Melathediyoor, Tirunelveli District 627152",PRIVATE COLLEGES
438,4992,"Bethlahem Institute of Engineering, Karungal, Kanyakumari District629157",PRIVATE COLLEGES
439,4993,"Loyola Institute of Technology and Science, Loyola Nagar, P B No.2,Thovalai, Kanyakumari District 629302",PRIVATE COLLEGES
440,4994,"J P College of Engineering, College Road, Ayakudy, Tenkasi Taluk,Tenkasi District 627852",PRIVATE COLLEGES
441,4995,"P.S.R.R College of Engineering , Appayanaickenpatti, Sevalpatti,Sivakasi, Virudhunagar-626 140",PRIVATE COLLEGES
442,4996,"Sri Vidhya College of Engineering and Technology, Sivakasi MainRoad, P Kumaralinapuram, Virudhunagar District 626005",PRIVATE COLLEGES
443,4998,"Mahakavi Bharathiyar College of Engineering and Technology,Vasudevanallur, Tenkasi District 627758",PRIVATE COLLEGES
444,4999,"Annai Vailankanni College of Engineering, Pothaiyadi Salai,Pottalkulam, Azhagappapuram, Kanyakumari District 629401",PRIVATE COLLEGES
445,5502,"Sree Raaja Raajan College of Engineering & Technology, AmaravathiVillage, Amaravathi Pudur Post, Karaikudi, Sivagangai District630301",PRIVATE COLLEGES
446,5530,"SSM Institute of Engineering and Technology, Kuttathupatti Village,Sindalaigundu Post, Dindigul District 624002",PRIVATE COLLEGES
447,5532,"Vaigai College of Engineering, Therkutheru, Melur Taluk, MaduraiDistrict 625122",PRIVATE COLLEGES
448,5533,"Karaikudi Institute of Technology, KIT & KIM Technical Campus,Keeranipatti, Thalakkuvur, Karaikudi, Sivagangai District 630307",PRIVATE COLLEGES
449,5536,"Mangayarkarasi College of Engineering, First Street, MangayarkarasiNagar, Paravai, Madurai District 625402",PRIVATE COLLEGES
450,5537,"Jainee College of Engineering and Technology, Dindigul-Theni MainRoad (Near Vakkampatti), Dindigul District 624303",PRIVATE COLLEGES
451,5538,"J.K. College of Architecture, NH-7, Madurai Road, Begampur Post,Dindigul 624002",PRIVATE COLLEGES
452,5703,"Christian College of Engineering and Technology, Oddanchatram,Dindigul District 624619",PRIVATE COLLEGES
453,5720,"Sri Subramanya College of Engineering and Technology,Sukkamanaickanpatti, Palani, Dindigul District 624615",PRIVATE COLLEGES
454,5832,"N P R College of Engineering and Technology, Natham, DindigulDistrict 624003",PRIVATE COLLEGES
455,5842,"Madurai Institute of Engineering & Technology, PottapalayamVillage, Manamadurai Taluk, Sivagangai District 630611",PRIVATE COLLEGES
456,5862,"R V S Educational Trust’s Groups of Institutions (Integrated Campus),N Paraipatti Post, Vedasandur Taluk, Dindigul District 624005",PRIVATE COLLEGES
457,5863,"R V S School of Architecture, N Paraipatti Post, Vedasandur Taluk,Dindigul District 624005",PRIVATE COLLEGES
458,5865,"Nadar Saraswathi College of Engineering and Technology,Vadupudupatti, Annanji Post, Theni District 625531",PRIVATE COLLEGES
459,5902,"Bharath Niketan Engineering College, Thimmarasanaickanoor,Aundipatti, Theni District 625536",PRIVATE COLLEGES
460,5904,"K L N College of Engineering (Autonomous), Pottapalayam,Sivagangai District 630611",PRIVATE COLLEGES
461,5907,"Mohamed Sathak Engineering College, Kilakarai, RamanathapuramDistrict 623806",PRIVATE COLLEGES
462,5910,"P S N A Colllege of Engineering and Technology, Dindigul District624622",PRIVATE COLLEGES
463,5911,"P T R College of Engineering and Technology, Austinpatty Post,Madurai District 625008",PRIVATE COLLEGES
464,5912,"Pandian Saraswathi Yadav Engineering College, Thirumansolai Post,Sivagangai District 630 561",PRIVATE COLLEGES
465,5913,"R V S College of Engineering, N Paraipatti Post, Dindigul District624005",PRIVATE COLLEGES
466,5914,"SOLAMALAI COLLEGE OF ENGINEERIG, Veerapanjan, MaduraiDistrict 625020",PRIVATE COLLEGES
467,5915,"SACS-M A V M M Engineering College, Kidaripatty Post, MaduraiDistrict 625001",PRIVATE COLLEGES
468,5919,"St. Michael College of Engineering and Technology, Kalayarkoil,Sivagangai District 630551",PRIVATE COLLEGES
469,5921,"Syed Ammal Engineering College, Achuthan Vayal Post,Ramanathapuram District 623502",PRIVATE COLLEGES
470,5924,"Ganapathy Chettiar College of Engineering and Technology,Melakavanur Post, Paramakudi, Ramanathapuram District 623706",PRIVATE COLLEGES
471,5930,"SBM College of Engineering and Technology, Thamaraipady, T NParaipatti Pirivu, Dindigul District 624005",PRIVATE COLLEGES
472,5935,"Fatima Michael College of Engineering & Technology, SengottaiVillage, Sivagangai Main Road, Madurai District 625020",PRIVATE COLLEGES
473,5942,"Ultra College of Engineering and Technology, Kodikulam, 1 BitVillage, Madurai-Chennai Highway, Madurai District 625104",PRIVATE COLLEGES
474,5986,"Velammal College of Engineering and Technology, Madurai District625009",PRIVATE COLLEGES
475,5988,"Theni Kammavar Sangam College of Technology, Theni Main Road,Koduvillarpatti Post, Theni District 625534",PRIVATE COLLEGES
476,5990,"Latha Mathavan Engineering College, Kidaripatti Post, Alagarkoil(Via), Melur Taluk, Madurai District 625301",PRIVATE COLLEGES
